{
    "bottom_shell_layers": "6",
    "bridge_speed": "50",
    "brim_type": "no_brim",
    "default_acceleration": "4000",
    "elefant_foot_compensation": "0.15",
    "enable_arc_fitting": "1",
    "enable_prime_tower": "1",
    "enable_support": "1",
    "from": "User",
    "gap_fill_target": "everywhere",
    "gap_infill_speed": "250",
    "inherits": "0.20mm Standard @Voron",
    "inner_wall_acceleration": "0",
    "inner_wall_line_width": "0.45",
    "internal_solid_infill_line_width": "0.42",
    "is_custom_defined": "0",
    "layer_height": "0.16",
    "line_width": "0.42",
    "name": "0.16mm Basic-50%",
    "outer_wall_acceleration": "2000",
    "outer_wall_line_width": "0.42",
    "outer_wall_speed": "200",
    "overhang_2_4_speed": "60",
    "prime_tower_width": "35",
    "print_settings_id": "0.16mm Basic-50%",
    "raft_first_layer_expansion": "1",
    "skirt_loops": "4",
    "sparse_infill_density": "50%",
    "sparse_infill_pattern": "triangles",
    "support_base_pattern": "default",
    "support_line_width": "0.42",
    "support_style": "snug",
    "support_threshold_angle": "25",
    "top_shell_layers": "6",
    "top_shell_thickness": "1",
    "top_surface_acceleration": "2000",
    "top_surface_line_width": "0.42",
    "top_surface_speed": "150",
    "travel_acceleration": "10000",
    "travel_speed": "500",
    "tree_support_branch_angle_organic": "45",
    "tree_support_branch_distance_organic": "5",
    "version": "2.3.0.3",
    "wall_generator": "classic"
}
