{
    "bottom_shell_layers": "5",
    "bottom_shell_thickness": "1",
    "bridge_no_support": "1",
    "bridge_speed": "50",
    "brim_type": "no_brim",
    "default_acceleration": "10000",
    "elefant_foot_compensation": "0.15",
    "enable_arc_fitting": "1",
    "enable_prime_tower": "1",
    "enable_support": "1",
    "from": "User",
    "gap_fill_target": "everywhere",
    "gap_infill_speed": "200",
    "inherits": "0.20mm Standard @Voron",
    "inner_wall_speed": "300",
    "internal_solid_infill_speed": "250",
    "is_custom_defined": "0",
    "name": "0.20mm Basic",
    "outer_wall_acceleration": "5000",
    "outer_wall_speed": "200",
    "prime_tower_width": "35",
    "print_settings_id": "0.20mm Basic",
    "skirt_loops": "3",
    "sparse_infill_density": "40%",
    "sparse_infill_pattern": "triangles",
    "sparse_infill_speed": "270",
    "support_type": "tree(auto)",
    "top_shell_layers": "5",
    "top_shell_thickness": "1",
    "top_surface_speed": "200",
    "travel_speed": "500",
    "tree_support_branch_angle_organic": "45",
    "tree_support_branch_distance_organic": "5",
    "version": "2.3.0.3",
    "wall_generator": "classic",
    "wall_loops": "4"
}
