{
    "bottom_shell_layers": "5",
    "bottom_shell_thickness": "1",
    "enable_support": "1",
    "from": "User",
    "gap_fill_target": "topbottom",
    "inherits": "0.20mm Standard @Voron",
    "is_custom_defined": "0",
    "name": "0.20mm Standard @Voron - 拷贝",
    "print_settings_id": "0.20mm Standard @Voron - 拷贝",
    "skirt_loops": "2",
    "sparse_infill_density": "40%",
    "sparse_infill_pattern": "honeycomb",
    "top_shell_layers": "5",
    "top_shell_thickness": "1",
    "version": "2.3.0.3",
    "wall_loops": "4"
}
