{
    "bottom_shell_layers": "5",
    "bottom_shell_thickness": "1",
    "bridge_no_support": "1",
    "brim_type": "no_brim",
    "enable_prime_tower": "1",
    "from": "User",
    "gap_fill_target": "everywhere",
    "inherits": "0.20mm Standard @Voron",
    "is_custom_defined": "0",
    "name": "0.20mm Basic",
    "print_settings_id": "0.20mm Basic",
    "skirt_loops": "3",
    "sparse_infill_density": "40%",
    "sparse_infill_pattern": "triangles",
    "top_shell_layers": "5",
    "top_shell_thickness": "1",
    "version": "2.3.0.3",
    "wall_loops": "4"
}
