{
    "compatible_printers": [
        "Voron 2.4 350 0.4 nozzle - 拷贝"
    ],
    "eng_plate_temp": [
        "80"
    ],
    "eng_plate_temp_initial_layer": [
        "80"
    ],
    "filament_settings_id": [
        "Generic ABS @System - 拷贝"
    ],
    "from": "User",
    "hot_plate_temp": [
        "80"
    ],
    "hot_plate_temp_initial_layer": [
        "80"
    ],
    "idle_temperature": [
        "60"
    ],
    "inherits": "Generic ABS @System",
    "is_custom_defined": "0",
    "name": "Generic ABS @System - 拷贝",
    "nozzle_temperature": [
        "230"
    ],
    "nozzle_temperature_initial_layer": [
        "230"
    ],
    "nozzle_temperature_range_high": [
        "240"
    ],
    "nozzle_temperature_range_low": [
        "220"
    ],
    "temperature_vitrification": [
        "80"
    ],
    "textured_plate_temp": [
        "80"
    ],
    "textured_plate_temp_initial_layer": [
        "80"
    ],
    "version": "2.3.0.3"
}
