{
    "compatible_printers": [
        "Voron 2.4 350 0.4 nozzle - 拷贝"
    ],
    "default_filament_colour": [
        "#000000"
    ],
    "eng_plate_temp": [
        "80"
    ],
    "eng_plate_temp_initial_layer": [
        "80"
    ],
    "filament_settings_id": [
        "Kexcelled THE K5 ABS"
    ],
    "filament_type": [
        "THE K5 ABS"
    ],
    "filament_vendor": [
        "kexcelled"
    ],
    "from": "User",
    "hot_plate_temp": [
        "80"
    ],
    "hot_plate_temp_initial_layer": [
        "80"
    ],
    "idle_temperature": [
        "60"
    ],
    "inherits": "Generic ABS @System",
    "is_custom_defined": "0",
    "name": "Kexcelled THE K5 ABS",
    "nozzle_temperature": [
        "230"
    ],
    "nozzle_temperature_initial_layer": [
        "230"
    ],
    "nozzle_temperature_range_high": [
        "250"
    ],
    "nozzle_temperature_range_low": [
        "220"
    ],
    "temperature_vitrification": [
        "80"
    ],
    "textured_plate_temp": [
        "80"
    ],
    "textured_plate_temp_initial_layer": [
        "80"
    ],
    "version": "2.3.0.3"
}
